"Time (s)","Acceleration x (m/s^2)","Acceleration y (m/s^2)","Acceleration z (m/s^2)"
0.000000000E0,1.268195957E-1,9.877870560E0,2.682952285E-1
0.000000000E0,-2.536391914E-1,9.870692253E0,7.851449251E-1
1.656740400E-2,-2.847459018E-1,9.406484604E0,1.055533886E0
3.591079000E-2,-3.062812984E-1,9.499805450E0,8.282157183E-1
5.525417500E-2,-3.565305769E-1,9.719944954E0,8.473583460E-1
7.459756100E-2,-2.297109663E-1,9.621838570E0,8.090731502E-1
9.394094600E-2,-2.153540403E-2,9.569196701E0,8.641080856E-1
1.132843830E-1,-1.674975902E-1,9.652945518E0,8.904291391E-1
1.326277170E-1,-2.871387303E-1,9.669695854E0,9.622138143E-1
1.519711540E-1,-2.440679073E-1,9.571589470E0,9.741778970E-1
1.713145400E-1,-1.483550072E-1,9.573982239E0,8.976075649E-1
1.906579250E-1,-8.853443712E-2,9.703194618E0,7.731808424E-1
2.100013110E-1,-5.742774159E-2,9.712766647E0,8.449655175E-1
2.293446960E-1,-1.651047617E-1,9.518947601E0,8.784649968E-1
2.486880810E-1,-1.818545163E-1,9.619445801E0,8.138588071E-1
2.680314670E-1,-2.368894368E-1,9.662516594E0,8.210372925E-1
2.873749040E-1,-3.254238665E-1,9.619445801E0,8.449655175E-1
3.067182900E-1,-2.703889608E-1,9.600303650E0,7.803592682E-1
3.260616750E-1,-2.488535494E-1,9.612267494E0,8.401798606E-1
3.454050610E-1,-2.823530734E-1,9.638588905E0,8.808578253E-1
3.647484460E-1,-1.938186288E-1,9.652945518E0,8.593224287E-1
3.840918310E-1,-1.076770201E-1,9.612267494E0,8.162516356E-1
4.034352170E-1,-7.657032460E-2,9.614660263E0,7.612167001E-1
4.227786020E-1,-2.153540403E-1,9.640981674E0,8.234301209E-1
4.421219880E-1,-3.278166950E-1,9.655338287E0,1.026820064E0
4.614653730E-1,-2.297109663E-1,9.636196136E0,9.311071038E-1
4.808087580E-1,-1.387837082E-1,9.597910881E0,8.569296002E-1
5.001521440E-1,-1.603191197E-1,9.626625061E0,8.617152572E-1
5.194955290E-1,-9.571290761E-2,9.676874161E0,7.827520967E-1
5.388389150E-1,-6.221338734E-2,9.660123825E0,7.971090674E-1
5.581823000E-1,-1.770688742E-1,9.621838570E0,9.311071038E-1
5.775256860E-1,-3.493520916E-1,9.621838570E0,9.239286184E-1
5.968690710E-1,-5.647061467E-1,9.602696419E0,8.090731502E-1
6.162124560E-1,-5.575276613E-1,9.562018394E0,8.018946648E-1
6.355558420E-1,-4.139583111E-1,9.542876244E0,7.731808424E-1
6.548992270E-1,-1.004985496E-1,9.717552185E0,9.622138143E-1
6.742426130E-1,-1.555334777E-1,9.693623543E0,8.114659786E-1
6.935859980E-1,-1.387837082E-1,9.564411163E0,7.205387354E-1
7.129293830E-1,-1.363908947E-1,9.605089188E0,7.875377536E-1
7.322727690E-1,-2.895315289E-1,9.655338287E0,8.353942037E-1
7.516161540E-1,-2.847459018E-1,9.660123825E0,9.239286184E-1
7.709595400E-1,-2.105683982E-1,9.629017830E0,8.569296002E-1
7.903029250E-1,-3.038884699E-1,9.619445801E0,6.894320250E-1
8.096463110E-1,-4.570291340E-1,9.636196136E0,7.205387354E-1
8.289896960E-1,-4.857429862E-1,9.590732574E0,7.205387354E-1
8.483330810E-1,-3.206382394E-1,9.581160545E0,7.827520967E-1
8.676764670E-1,-8.374879509E-2,9.624231339E0,8.114659786E-1
8.870198520E-1,3.828516230E-2,9.669695854E0,7.923234105E-1
9.063632380E-1,1.411765367E-1,9.693623543E0,8.449655175E-1
9.257066230E-1,2.177468538E-1,9.636196136E0,7.037889361E-1
9.450500080E-1,1.866401732E-1,9.621838570E0,6.032904387E-1
9.643933940E-1,-1.435693651E-1,9.684052467E0,7.851449251E-1
9.837367790E-1,-3.254238665E-1,9.607481956E0,8.258228898E-1
1.003080165E0,-2.057827413E-1,9.593125343E0,7.827520967E-1
1.022423550E0,-2.919243574E-1,9.631410599E0,7.229315639E-1
1.041766936E0,-5.120640397E-1,9.664909363E0,6.032904387E-1
1.061110269E0,-2.488535494E-1,9.672088623E0,8.641080856E-1
1.080453654E0,2.297109663E-1,9.669695854E0,9.598209858E-1
1.099797040E0,2.321037948E-1,9.578767776E0,4.740779996E-1
1.119140425E0,-1.316052526E-1,9.619445801E0,7.109674215E-1
1.138483811E0,-1.842473447E-1,9.667302132E0,9.167501926E-1
1.157827196E0,-7.178467698E-3,9.607481956E0,9.837492108E-1
1.177170581E0,-5.264209956E-2,9.590732574E0,9.287142754E-1
1.196513967E0,-2.967100143E-1,9.691230774E0,7.683951855E-1
1.215857352E0,-5.072783828E-1,9.583553314E0,5.458626747E-1
1.235200738E0,-7.441678643E-1,9.495018959E0,4.334000051E-1
1.254544071E0,-1.136590719E0,9.590732574E0,6.200401783E-1
1.273887456E0,-9.643075466E-1,9.617053032E0,9.574281573E-1
1.293230842E0,-8.853443712E-2,9.533304214E0,9.478568435E-1
1.312574227E0,4.307080805E-1,9.657731056E0,8.186444640E-1
1.331917613E0,5.910272002E-1,9.736694336E0,7.277171612E-1
1.351260998E0,7.872386575E-1,9.617053032E0,7.013961077E-1
1.370604383E0,7.968099117E-1,9.633803368E0,7.755736113E-1
1.389947717E0,5.910272002E-1,9.638588905E0,4.357928336E-1
1.409291102E0,3.708875179E-1,9.569196701E0,5.530411601E-1
1.428634488E0,3.445664644E-1,9.660123825E0,7.181459069E-1
1.447977873E0,5.479564071E-1,9.605089188E0,5.147559643E-1
1.467321258E0,6.675975323E-1,9.552447319E0,3.879363835E-1
1.486664644E0,4.809573591E-1,9.581160545E0,2.635096014E-1
1.506008029E0,3.996013701E-1,9.707980156E0,5.578267574E-1
1.525351363E0,5.024927258E-1,9.667302132E0,4.429712892E-1
1.544694748E0,4.642075896E-1,9.588339806E0,5.219344497E-1
1.564038133E0,2.033899277E-1,9.597910881E0,3.544368446E-1
1.583381519E0,4.067798331E-2,9.662516594E0,1.534397453E-1
1.602724904E0,-7.657032460E-2,9.597910881E0,-1.289133132E-1
1.622068238E0,-1.651047617E-1,9.516554832E0,-4.423730969E-1
1.641411623E0,-1.459621787E-1,9.602696419E0,-2.198405862E-1
1.660755008E0,-3.421736360E-1,9.681659698E0,-4.755735025E-2
1.680098394E0,-5.192425251E-1,9.578767776E0,-2.748754919E-1
1.699441779E0,-3.924229145E-1,9.547661781E0,-4.328017831E-1
1.718785113E0,-3.014956415E-1,9.593125343E0,-3.035893738E-1
1.738128498E0,-4.139583111E-1,9.526125908E0,-6.481558084E-1
1.757471883E0,-3.996013701E-1,9.700801849E0,-9.544371367E-1
1.776815269E0,-6.723831892E-1,9.617053032E0,-1.406680584E0
1.796158654E0,-6.269195080E-1,9.416056633E0,-1.220040441E0
1.815501988E0,-1.076770201E-1,9.571589470E0,-8.443672657E-1
1.834845373E0,1.316052526E-1,9.770194054E0,-1.205683470E0
1.854188758E0,-3.349951655E-2,9.609874725E0,-1.519143224E0
1.873532144E0,-2.775674164E-1,9.408877373E0,-1.375573874E0
1.892875477E0,-3.158525825E-1,9.521340370E0,-1.605284929E0
1.912218863E0,-1.579262912E-1,9.684052467E0,-1.720140338E0
1.931562248E0,-1.603191197E-1,9.650552750E0,-1.899602056E0
1.950905633E0,-2.919243574E-1,9.425627708E0,-2.229811668E0
1.970248967E0,-1.627119333E-1,9.372985840E0,-1.746461391E0
1.989592352E0,-9.810572863E-2,9.585947037E0,-1.588535190E0
2.008935738E0,-2.751746178E-1,9.717552185E0,-2.016850471E0
2.028279123E0,-3.708875179E-1,9.669695854E0,-1.897209287E0
2.047622456E0,-2.919243574E-1,9.344271660E0,-1.925923109E0
2.066965842E0,-2.512463629E-1,9.425627708E0,-1.866102576E0
2.086309227E0,-5.000999570E-1,9.693623543E0,-2.091027975E0
2.105652561E0,-7.728816867E-1,9.617053032E0,-2.222633123E0
2.124995946E0,-7.657032609E-1,9.384949684E0,-1.882852316E0
2.144339331E0,-6.364908218E-1,9.416056633E0,-2.057528257E0
2.163682665E0,-8.279166222E-1,9.696016312E0,-2.129312992E0
2.183026050E0,-1.055234790E0,9.454340935E0,-2.028814554E0
2.202369436E0,-6.987041831E-1,9.217452049E0,-1.878066659E0
2.221712821E0,-6.388836503E-1,9.250951767E0,-1.533500195E0
2.241056154E0,-5.335994363E-1,9.468698502E0,-1.665105462E0
2.260399540E0,-7.298108935E-1,9.590732574E0,-1.674676776E0
2.279742925E0,-1.112662554E0,9.380164146E0,-1.756032705E0
2.299086258E0,-1.031306505E0,9.097810745E0,-1.684248090E0
2.318429644E0,-9.212366939E-1,9.193523407E0,-1.846959949E0
2.337773029E0,-1.182054400E0,9.361021042E0,-2.124527454E0
2.357116363E0,-1.428515077E0,9.255737305E0,-1.787139416E0
2.376459748E0,-1.378265858E0,9.169595718E0,-1.557428479E0
2.395803133E0,-1.258624673E0,9.241379738E0,-1.612463355E0
2.415146467E0,-1.454836130E0,9.447162628E0,-2.081456661E0
2.434489852E0,-1.758724689E0,9.475876808E0,-2.110170364E0
2.453833238E0,-1.464407444E0,9.116953850E0,-1.739282966E0
2.473176571E0,-1.038485050E0,8.963812828E0,-1.617249012E0
2.492519956E0,-1.404586911E0,9.607481956E0,-2.406880379E0
2.511863290E0,-1.842473388E0,9.755837440E0,-2.330310106E0
2.531206675E0,-9.643075466E-1,9.279664993E0,-1.251147151E0
2.550550061E0,-7.465606928E-1,9.238986969E0,-1.047757268E0
2.569893394E0,-5.503492355E-1,9.461520195E0,-2.016850471E0
2.589236779E0,-9.954141974E-1,9.406484604E0,-2.973979473E0
2.608580113E0,-1.928615093E0,9.167202950E0,-2.428415775E0
2.627923498E0,-1.495514154E0,9.078668594E0,-1.940280080E0
2.647266883E0,-4.474578202E-1,9.341878891E0,-1.775175333E0
2.666610217E0,-2.321037948E-1,9.581160545E0,-1.846959949E0
2.685953602E0,-8.805587292E-1,9.736694336E0,-2.933301449E0
2.705296936E0,-1.902294040E0,9.198308945E0,-3.572185040E0
2.724640321E0,-2.206182480E0,8.970991135E0,-3.440579891E0
2.743983706E0,-1.727617979E0,9.093025208E0,-3.119941711E0
2.763327040E0,-1.146162033E0,9.186345100E0,-2.744268417E0
2.782670425E0,-7.274180651E-1,9.456734657E0,-2.579163790E0
2.802013758E0,-8.183453679E-1,9.337093353E0,-2.380559444E0
2.821357144E0,-1.036092162E0,9.301200867E0,-2.208276272E0
2.840700477E0,-1.184447169E0,9.200701714E0,-2.732304335E0
2.860043863E0,-1.055234790E0,9.057132721E0,-2.777767897E0
2.879387196E0,-1.282552958E0,9.133703232E0,-2.232204437E0
2.898730581E0,-1.229910851E0,9.430413246E0,-2.603091955E0
2.918073967E0,-9.595218897E-1,9.375378609E0,-3.033800125E0
2.937417300E0,-9.092726111E-1,9.100203514E0,-2.837588549E0
2.956760686E0,-1.167697430E0,9.195916176E0,-2.289632082E0
2.976104019E0,-1.167697430E0,9.372985840E0,-2.363809586E0
2.995447404E0,-8.614161611E-1,9.265308380E0,-2.380559444E0
3.014790738E0,-8.087740541E-1,9.231808662E0,-2.648555517E0
3.034134123E0,-1.347159147E0,9.222237587E0,-2.643769979E0
3.053477456E0,-1.713261008E0,9.162417412E0,-2.540878534E0
3.072820842E0,-1.914258122E0,9.085846901E0,-2.557628393E0
3.092164175E0,-1.598405480E0,9.140881538E0,-2.569592476E0
3.111507561E0,-1.287338614E0,9.356235504E0,-2.787339211E0
3.130850894E0,-9.451649189E-1,9.444769859E0,-2.801696301E0
3.150194279E0,-1.356730461E0,9.167202950E0,-2.612663269E0
3.169537613E0,-1.246660590E0,9.250951767E0,-2.414058924E0
3.188880998E0,-1.150947690E0,9.461520195E0,-2.739482880E0
3.208224331E0,-1.351944804E0,9.274879456E0,-2.591127872E0
3.227567717E0,-1.567298889E0,8.913563728E0,-2.638984203E0
3.246911050E0,-1.450050473E0,8.846564293E0,-2.969193697E0
3.266254436E0,-1.794616938E0,8.994919777E0,-2.787339211E0
3.285597769E0,-2.330609322E0,8.786744118E0,-2.569592476E0
3.304941154E0,-2.589034081E0,8.954241753E0,-2.516950369E0
3.324284488E0,-2.816352367E0,8.966205597E0,-2.215454578E0
3.343627873E0,-2.766103029E0,9.104989052E0,-2.978765011E0
3.362971206E0,-3.156133175E0,8.992527008E0,-2.638984203E0
3.382314592E0,-3.249453068E0,8.434998512E0,-2.342274189E0
3.401657925E0,-3.199203968E0,8.310571671E0,-2.619841576E0
3.421001311E0,-3.113062143E0,8.700602531E0,-2.674876690E0
3.440344644E0,-3.165704250E0,9.148059845E0,-2.835195780E0
3.459688029E0,-3.895515203E0,8.963812828E0,-2.804089069E0
3.479031363E0,-4.398007870E0,8.523533821E0,-2.813660383E0
3.498374696E0,-3.917050600E0,8.683852196E0,-2.818445921E0
3.517718081E0,-3.058027267E0,9.212666512E0,-2.962015390E0
3.537061415E0,-2.813959360E0,9.317950249E0,-3.026621580E0
3.556404800E0,-3.136990547E0,9.148059845E0,-3.074477911E0
3.575748133E0,-2.885744095E0,9.700801849E0,-2.574378014E0
3.595091519E0,-3.211168051E0,9.875477791E0,-2.782553673E0
3.614434852E0,-3.225524902E0,1.004536819E1,-2.981158018E0
3.633778186E0,-2.481357098E0,1.039232826E1,-3.313760281E0
3.653121571E0,-2.062613010E0,1.050000477E1,-3.459722519E0
3.672464904E0,-2.612962246E0,9.911370277E0,-3.399901867E0
3.691808290E0,-3.981656790E0,9.801301003E0,-3.045764208E0
3.711151623E0,-5.472385406E0,9.772586823E0,-3.246761322E0
3.730495008E0,-4.950749874E0,8.884849548E0,-3.876073599E0
3.749838342E0,-4.055834293E0,8.688637733E0,-4.328317165E0
3.769181675E0,-4.110869408E0,9.389735222E0,-6.118148327E0
3.788525061E0,-1.562513232E0,9.636196136E0,-5.161019325E0
3.807868394E0,-1.107876897E0,9.801301003E0,-1.968993902E0
3.827211779E0,-1.651047587E0,1.228744316E1,-1.779960990E0
3.846555113E0,-5.144568682E-1,1.508704567E1,-1.052542806E0
3.865898446E0,-2.160718918E0,1.288325596E1,2.309372902E0
3.885241831E0,-4.725824833E0,8.222037315E0,2.574976206E0
3.904585165E0,-6.532405853E0,4.587339878E0,2.507977247E0
3.923928550E0,-9.946963310E0,1.644168258E0,3.254537821E0
3.943271883E0,-1.200239849E1,-8.563314080E-1,3.046362400E0
3.962615217E0,-1.205982590E1,-2.244168520E0,2.847758055E0
3.981958602E0,-1.107159042E1,-1.389930844E0,3.405285835E0
4.001301936E0,-9.537791252E0,1.026820064E0,1.431207061E0
4.020645269E0,-7.508677483E0,3.017648458E0,4.094717801E-1
4.039988654E0,-5.156532764E0,3.977170229E0,6.918248534E-1
4.059331988E0,-4.022335052E0,4.058526516E0,4.621138871E-1
4.078675321E0,-5.072783947E0,4.127918243E0,-1.413859129E0
4.098018706E0,-6.910471916E0,4.764409065E0,-3.055335522E0
4.117362040E0,-7.566105366E0,4.848157883E0,-3.012264490E0
4.136705373E0,-6.262016773E0,5.149653435E0,-2.641377211E0
4.156048758E0,-5.180460930E0,6.085247040E0,-2.481057882E0
4.175392092E0,-4.905286312E0,6.640381813E0,-2.832803011E0
4.194735425E0,-4.950749874E0,6.633203506E0,-2.875873804E0
4.214078811E0,-5.620740414E0,6.929913521E0,-2.873480797E0
4.233422144E0,-5.627918720E0,8.478069305E0,-3.227618694E0
4.252765477E0,-6.010770321E0,9.619445801E0,-3.744468451E0
4.272108863E0,-7.066005230E0,9.265308380E0,-4.388137817E0
4.291452196E0,-5.520241737E0,8.095217705E0,-4.359423637E0
4.310795529E0,-3.761517286E0,6.975377083E0,-3.531507015E0
4.330138915E0,-3.780659676E0,7.604689598E0,-4.802095890E0
4.349482248E0,-3.749552965E0,8.659924507E0,-5.426622868E0
4.368825581E0,-1.373480201E0,8.131110191E0,-2.806481838E0
4.388168967E0,9.930213690E-1,7.932506084E0,-1.935195327E-1
4.407512300E0,2.852244616E0,8.501997948E0,-1.480858088E0
4.426855633E0,3.945764542E0,1.003579712E1,-9.951151013E-1
4.446198967E0,2.773281336E0,1.016022396E1,-2.284846544E0
4.465542352E0,3.062813044E0,9.382556915E0,-2.423630238E0
4.484885686E0,4.036691666E0,9.322735786E0,-3.227319419E-1
4.504229019E0,4.005585194E0,9.145667076E0,-1.770389676E0
4.523572404E0,3.558127165E0,9.310771942E0,-1.899602056E0
4.542915738E0,3.450450182E0,9.827621460E0,-1.277468204E0
4.562259071E0,2.945564747E0,9.672088623E0,-3.705884218E-1
4.581602404E0,2.132004976E0,1.052871895E1,-5.816652775E0
4.600945790E0,1.284227943E1,2.069821548E1,5.278865814E0
4.620289123E0,9.719645500E0,1.744876099E1,5.702395439E0
4.639632456E0,-6.771687984E0,4.333701134E0,-1.190638638E1
4.658975842E0,-8.700303078E0,4.082454681E0,-8.374580383E0
4.678319175E0,-1.093759251E1,7.025626183E0,-4.648955345E0
4.697662508E0,-1.146162033E1,7.678866863E0,-8.917751312E0
4.717005842E0,-5.278566837E0,8.401499748E0,-9.781559944E0
4.736349227E0,-8.015955687E-1,9.983155251E0,-7.342974544E-1
4.755692561E0,4.388436794E0,9.932906151E0,3.137289524E0
4.775035894E0,6.419943333E0,9.506983757E0,-3.933501244E0
4.794379227E0,2.469393015E0,9.274879456E0,-4.971986294E0
4.813722613E0,-2.210968018E0,8.590532303E0,-4.522135735E0
4.833065946E0,-4.331008911E0,8.473283768E0,-3.445365429E0
4.852409279E0,-4.079762459E0,8.652746201E0,-3.079263687E0
4.871752613E0,-2.543570518E0,9.059525490E0,-3.464508057E0
4.891095946E0,-5.096712112E-1,9.346664429E0,-2.981158018E0
4.910439331E0,2.871387303E-1,9.195916176E0,-2.368595362E0
4.929782665E0,3.086741269E-1,9.274879456E0,-2.256132603E0
4.949125998E0,-3.182454109E-1,9.305986404E0,-2.758625507E0
4.968469331E0,-1.002592683E0,9.143274307E0,-3.029014349E0
4.987812717E0,-1.383051515E0,9.052347183E0,-2.459522486E0
5.007156050E0,-1.952543259E0,8.908778191E0,-2.208276272E0
5.026499383E0,-2.273181438E0,9.006883621E0,-2.703590393E0
5.045842717E0,-2.672782898E0,9.411270142E0,-2.610270500E0
5.065186050E0,-2.593819857E0,9.547661781E0,-2.866302490E0
5.084529436E0,-2.328216314E0,9.559625626E0,-3.275475025E0
5.103872769E0,-2.194218397E0,9.779765129E0,-3.969393730E0
5.123216102E0,-1.430907965E0,1.005733299E1,-3.486043453E0
5.142559436E0,-3.684946895E-1,1.027029419E1,-3.304188967E0
5.161902769E0,-5.072783828E-1,1.066510963E1,-2.904587507E0
5.181246154E0,-1.280160069E0,1.090678501E1,-2.591127872E0
5.200589488E0,-2.297109842E0,1.082782173E1,-2.136491537E0
5.219932821E0,-2.679961443E0,1.077278709E1,-2.114956141E0
5.239276154E0,-2.603390932E0,1.150020504E1,-2.086242199E0
5.258619488E0,-1.141376376E0,1.395524120E1,-3.521935940E0
5.277962873E0,-7.633104324E-1,1.656581116E1,-2.954836845E0
5.297306206E0,1.947757602E0,1.489801311E1,-4.481457710E0
5.316649540E0,5.091926575E0,1.334267807E1,-3.265903711E0
5.335992873E0,2.246860504E0,1.178495026E1,-3.340081215E0
5.355336206E0,1.076770201E-1,1.078714371E1,-3.694219112E0
5.374679540E0,-2.407179594E0,8.731708527E0,-1.284646630E0
5.394022873E0,-6.606583118E0,5.331508160E0,1.654038578E-1
5.413366258E0,-1.162433243E1,2.898007393E0,-4.579563618E0
5.432709592E0,-1.537149239E1,3.843172312E0,-8.520542145E0
5.452052925E0,-1.495753479E1,4.087240219E0,-3.086441994E0
5.471396258E0,-1.285902882E1,1.692024708E0,3.329014480E-1
5.490739592E0,-9.525827408E0,-2.676970363E-1,4.381856322E-1
5.510082925E0,-6.860222340E0,-1.796710730E0,1.366600871E0
5.529426311E0,-5.149354458E0,-1.961815476E0,2.668296337E0
5.548769644E0,-3.543770313E0,-4.184448719E-1,2.993720293E0
5.568112977E0,-2.945564747E0,2.299801588E0,3.323929787E0
5.587456311E0,-3.230310678E0,4.498805523E0,1.904985905E0
5.606799644E0,-4.742574692E0,5.568397522E0,1.400100350E0
5.626142977E0,-5.781059742E0,7.214659214E0,-9.735797048E-1
5.645486311E0,-6.963113785E0,9.595518112E0,-3.641577005E0
5.664829644E0,-5.757131100E0,1.156481075E1,-5.405087471E0
5.684173029E0,-3.596412420E0,1.091635609E1,-3.780360699E0
5.703516363E0,3.732803464E-1,9.954441071E0,-5.931209326E-1
5.722859696E0,2.565105915E0,1.197876930E1,6.607181430E-1
5.742203029E0,1.038485050E0,1.303639698E1,-1.607677698E0
5.761546363E0,-4.354937077E-1,1.171555901E1,-3.521935940E0
5.780889696E0,9.571290612E-1,9.143274307E0,-2.990729094E0
5.800233029E0,2.811566591E0,7.899006844E0,-2.076670885E0
5.819576363E0,3.321237803E0,9.128917694E0,-1.997707844E0
5.838919696E0,1.265803218E0,9.186345100E0,-2.303989172E0
5.858263081E0,-1.942971945E0,8.234002113E0,-1.382752419E0
5.877606415E0,-3.948157310E0,9.303593636E0,-1.334895968E0
5.896949748E0,5.572884083E0,2.051396751E1,-1.500000715E0
5.916293081E0,1.617548180E1,2.382084846E1,1.658495331E1
5.935636415E0,2.904886723E0,6.733702183E0,-1.550249934E0
5.954979748E0,-7.872386456E0,5.913262963E-1,-8.156833649E0
5.974323081E0,-9.798608780E0,2.065304995E0,-1.060469055E1
5.993666415E0,-1.521356678E1,8.973383904E0,-1.129860973E1
6.013009748E0,-1.438325691E1,1.099053383E1,-1.045872879E1
6.032353081E0,-4.993820667E0,7.681259632E0,-5.364409447E0
6.051696415E0,-2.632104978E-2,9.392127991E0,7.731808424E-1
6.071039800E0,3.594019651E0,1.061725330E1,5.410770178E-1
6.090383133E0,7.278966427E0,1.126331520E1,-1.641177177E0
6.109726467E0,3.706482172E0,9.818050385E0,-3.036192894E0
6.129069800E0,-3.213560820E0,8.396714211E0,-3.933501244E0
6.148413133E0,-5.982056618E0,8.458927155E0,-3.158226728E0
6.167756467E0,-5.556134224E0,8.798707962E0,-1.837388635E0
6.187099800E0,-3.663411379E0,8.801100731E0,-2.483450890E0
6.206443133E0,-3.661018610E-1,9.164810181E0,-2.658126831E0
6.225786467E0,1.464407444E0,9.657731056E0,-2.409273386E0
6.245129800E0,1.990828395E0,9.502198219E0,-1.990529299E0
6.264473133E0,1.148554921E0,9.212666512E0,-1.564606905E0
6.283816467E0,-1.459621787E0,9.047561646E0,-2.095813513E0
6.303159800E0,-3.708875179E0,9.289237022E0,-2.674876690E0
6.322503133E0,-3.850051641E0,9.480662346E0,-2.801696301E0
6.341846467E0,-2.275574446E0,9.530911446E0,-2.418844700E0
6.361189800E0,-6.484549642E-1,9.942477226E0,-2.763411045E0
6.380533133E0,-6.939185411E-2,1.049043369E1,-3.531507015E0
6.399876467E0,7.896314561E-2,1.077039337E1,-2.875873804E0
6.419219800E0,-3.062812984E-1,1.112692451E1,-2.050349951E0
6.438563133E0,-1.741974831E0,1.144995499E1,-2.136491537E0
6.457906467E0,-2.210968018E0,1.144756222E1,-2.940479994E0
6.477249852E0,-1.349551916E0,1.118435192E1,-2.906980515E0
6.496593133E0,-9.738788009E-1,1.175145149E1,-2.691626310E0
6.515936519E0,-5.814558864E-1,1.379731464E1,-3.734897137E0
6.535279852E0,-4.546363056E-1,1.535264874E1,-5.144269466E0
6.554623186E0,1.421336651E0,1.500090408E1,-7.072884560E0
6.573966519E0,-4.498506486E-1,1.291675568E1,-2.562413931E0
6.593309852E0,-2.701496840E0,1.024158001E1,-4.775774956E0
6.612653186E0,-2.950350285E0,1.000708294E1,-4.981557846E0
6.631996519E0,-3.830909014E0,7.877471447E0,-1.425823212E0
6.651339852E0,-6.946363926E0,4.608875751E0,1.727917075E0
6.670683186E0,-9.580862045E0,3.134896755E0,-1.239183068E0
6.690026519E0,-1.038245773E1,3.467499018E0,-2.796910524E0
6.709369852E0,-1.035852909E1,3.043969393E0,-1.480558962E-1
6.728713186E0,-8.951549530E0,1.502991676E0,3.039183855E0
6.748056519E0,-7.018148899E0,9.870393202E-3,3.240180969E0
6.767399852E0,-5.173282623E0,-2.294118702E-1,1.833201289E0
6.786743186E0,-4.500899315E0,9.741778970E-1,-1.121635586E-1
6.806086519E0,-5.828916073E0,3.460320711E0,-1.377966762E0
6.825429852E0,-6.891329288E0,5.501398563E0,-2.292025089E0
6.844773133E0,-6.953542709E0,5.393721104E0,-1.026221752E0
6.864116519E0,-6.305087566E0,5.097011566E0,-7.007979155E-1
6.883459852E0,-4.553541660E0,7.114161015E0,-1.107577801E0
6.902803186E0,-2.258824587E0,1.084217834E1,-1.758425593E0
6.922146519E0,-2.746960402E0,1.241665554E1,-3.605684519E0
6.941489852E0,-3.543770313E0,1.086610699E1,-3.809074640E0
6.960833186E0,-1.842473388E0,1.065075302E1,-2.083849430E0
6.980176467E0,-3.421736360E-1,1.211515999E1,-2.349452734E0
6.999519800E0,-3.349951804E-1,1.223958683E1,-4.017250061E0
7.018863133E0,6.149554253E-1,1.103839016E1,-2.363809586E0
7.038206467E0,2.852244616E0,9.518947601E0,3.400799036E-1
7.057549800E0,2.775674343E0,8.676673889E0,-7.127620578E-1
7.076893133E0,5.599204898E-1,9.483055115E0,-2.540878534E0
7.096236467E0,-9.427721500E-1,9.652945518E0,-6.744768620E-1
7.115579800E0,-2.577069998E0,1.019850922E1,-1.502393484E0
7.134923133E0,1.696511269E0,1.736979866E1,-5.797510147E0
7.154266467E0,1.348116302E1,2.059053802E1,1.573550034E1
7.173609800E0,2.986242771E0,7.427620411E0,-7.845467329E-1
7.192953133E0,-6.620940208E0,2.819044113E0,-9.594920158E0
7.212296467E0,-7.881958008E0,4.558626175E0,-9.202496529E0
7.231639800E0,-9.913464546E0,9.600303650E0,-7.051349163E0
7.250983133E0,-1.050688457E1,1.086371422E1,-6.378965855E0
7.270326467E0,-6.403193474E0,7.793722630E0,-5.259125233E0
7.289669800E0,-3.404986620E0,8.157431602E0,-1.990529299E0
7.309013133E0,9.786644578E-1,1.044736290E1,7.540382147E-1
7.328356467E0,3.945764542E0,1.088046360E1,-1.375573874E0
7.347699748E0,2.713460922E0,9.944869995E0,-2.725125790E0
7.367043081E0,-9.140582681E-1,8.942276955E0,-3.763610840E0
7.386386415E0,-2.598605394E0,8.396714211E0,-2.722733021E0
7.405729748E0,-2.230110645E0,8.485248566E0,-1.890030742E0
7.425073081E0,-1.435693622E0,9.002098083E0,-2.866302490E0
7.444416415E0,4.426721931E-1,9.540482521E0,-2.983550787E0
7.463759748E0,1.265803218E0,9.593125343E0,-2.481057882E0
7.483103081E0,8.566305041E-1,9.435198784E0,-1.832603097E0
7.502446415E0,-6.005984545E-1,9.241379738E0,-1.801496387E0
7.521789748E0,-2.605783939E0,9.231808662E0,-2.184347868E0
7.541133081E0,-3.024527788E0,9.042776108E0,-2.883052111E0
7.560476363E0,-1.897508383E0,9.167202950E0,-2.643769979E0
7.579819696E0,-1.079162955E0,9.588339806E0,-2.701197624E0
7.599163029E0,-1.182054400E0,9.937691689E0,-3.407080412E0
7.618506363E0,-1.450050473E0,1.035882854E1,-3.210868835E0
7.637849696E0,-1.691725612E0,1.066989517E1,-3.050549746E0
7.657193029E0,-1.641476393E0,1.097378349E1,-3.005086184E0
7.676536363E0,-1.028913736E0,1.103360462E1,-2.859123945E0
7.695879696E0,-1.794617027E-1,1.099053383E1,-2.627020121E0
7.715223029E0,2.392822690E-2,1.089721298E1,-2.722733021E0
7.734566363E0,-4.331009090E-1,1.148584747E1,-2.646162748E0
7.753909644E0,-2.464607358E-1,1.308664608E1,-4.060320854E0
7.773252977E0,-1.167697430E0,1.429741478E1,-4.474279404E0
7.792596311E0,-7.561319470E-1,1.367528057E1,-6.749853611E0
7.811939644E0,6.293123364E-1,1.320628738E1,-3.746861219E0
7.831282977E0,-8.877372146E-1,1.105992508E1,-2.976372242E0
7.850626311E0,-2.433500528E0,1.014347458E1,-5.275874615E0
7.869969644E0,-4.737788677E0,9.026025772E0,-4.591527462E0
7.889312977E0,-7.628318787E0,6.362814426E0,1.069890857E0
7.908656311E0,-9.159725189E0,4.223630905E0,5.985047817E-1
7.927999592E0,-7.666603565E0,3.460320711E0,5.458626747E-1
7.947342925E0,-7.527820110E0,2.792723179E0,3.539283752E0
7.966686258E0,-7.034898758E0,1.526919961E0,3.364607811E0
7.986029592E0,-5.694917679E0,1.112961650E0,1.763809443E0
8.005372925E0,-5.347958565E0,2.110768557E0,1.165603757E0
8.024716258E0,-6.666403770E0,3.443570852E0,-5.285146832E-1
8.044059592E0,-8.405985832E0,4.704588413E0,-2.454736948E0
8.063402873E0,-8.860622406E0,4.797908306E0,-2.167598248E0
8.082746206E0,-8.683553696E0,3.984348774E0,-9.281160831E-1
8.102089540E0,-7.269395351E0,4.001098633E0,-1.669891119E0
8.121432873E0,-4.462614059E0,6.121139526E0,-3.442673683E-1
8.140776206E0,-1.160519004E0,9.418449402E0,4.573282301E-1
8.160119540E0,-1.287338614E0,1.075125122E1,-5.644070506E-1
8.179462873E0,-2.809173822E0,1.027268696E1,-1.086042404E0
8.198806154E0,-2.120040894E0,1.034686375E1,-2.703590393E0
8.218149488E0,-6.293123364E-1,1.214865971E1,-3.017050266E0
8.237492821E0,-5.144568682E-1,1.295982647E1,-4.153641224E0
8.256836154E0,-2.632104978E-2,1.240229893E1,-1.791925073E0
8.276179488E0,9.667003751E-1,1.033489990E1,-2.602194622E-2
8.295522821E0,2.426322222E0,8.365607262E0,-9.424729943E-1
8.314866102E0,2.043470621E0,8.379963875E0,-3.866502285E0
8.334209436E0,1.818545163E-1,9.497411728E0,-4.043570995E0
8.353552769E0,-5.575276613E-1,9.447162628E0,-1.093220830E0
8.372896102E0,-9.284151793E-1,1.016740227E1,-3.107678294E-1
8.392239436E0,4.599005222E0,1.715683746E1,-3.045764208E0
8.411582769E0,1.605583954E1,2.209323120E1,1.663041687E1
8.430926050E0,3.682554007E0,7.197909832E0,-1.947458506E0
8.450269383E0,-6.338587284E0,2.558226585E0,-1.022183895E1
8.469612717E0,-6.924828529E0,4.044169426E0,-9.803094864E0
8.488956050E0,-1.066720295E1,8.478069305E0,-8.855537415E0
8.508299383E0,-1.324188042E1,1.062682438E1,-9.953843117E0
8.527642665E0,-7.489534855E0,8.425427437E0,-7.053741932E0
8.546985998E0,-2.663211584E0,8.248358727E0,-7.247261405E-1
8.566329331E0,3.132204771E0,1.027747250E1,2.816651344E0
8.585672665E0,7.111468792E0,1.103599739E1,-2.287239313E0
8.605015998E0,5.166104317E0,9.992726326E0,-3.777967930E0
8.624359279E0,-8.853443861E-1,8.588139534E0,-3.969393730E0
8.643702613E0,-4.587040901E0,8.391927719E0,-2.878266573E0
8.663045946E0,-5.168497086E0,8.202895164E0,-2.122134686E0
8.682389279E0,-4.307080746E0,8.236394882E0,-3.914358854E0
8.701732561E0,-4.450650215E-1,9.545269012E0,-3.844966888E0
8.721075894E0,2.206182480E0,1.004058266E1,-2.945265532E0
8.740419227E0,2.388036966E0,9.664909363E0,-1.559821248E0
8.759762561E0,2.488535494E-1,9.212666512E0,-1.100399256E0
8.779105894E0,-3.163311481E0,9.160024643E0,-2.287239313E0
8.798449175E0,-4.386044025E0,9.035597801E0,-3.399901867E0
8.817792508E0,-3.550948858E0,8.844171524E0,-3.115155935E0
8.837135842E0,-1.940579176E0,9.109774590E0,-2.997907639E0
8.856479175E0,-5.766702294E-1,9.751050949E0,-3.447758436E0
8.875822508E0,1.459621787E-1,1.053589725E1,-3.500400543E0
8.895165790E0,-3.158525825E-1,1.059332466E1,-3.500400543E0
8.914509123E0,-4.689932466E-1,1.077996540E1,-2.655734062E0
8.933852456E0,-4.283152521E-1,1.151934719E1,-2.215454578E0
8.953195790E0,-1.002592683E0,1.174427223E1,-2.823231697E0
8.972539071E0,-7.202396393E-1,1.145952702E1,-2.619841576E0
8.991882404E0,1.435693540E-2,1.222523022E1,-2.433201551E0
9.011225738E0,8.446664214E-1,1.472572994E1,-3.462115288E0
9.030569071E0,4.331009090E-1,1.655145264E1,-4.419244289E0
9.049912352E0,2.679961443E0,1.506790352E1,-4.629812717E0
9.069255686E0,3.924229145E0,1.112931728E1,-3.371187925E0
9.088599019E0,3.972085714E-1,1.081825066E1,-4.658526421E0
9.107942352E0,-5.402993679E0,9.947262764E0,-4.175176620E0
9.127285633E0,-8.159524918E0,8.123931885E0,-1.007079244E0
9.146628967E0,-1.075095177E1,5.637789249E0,-2.086242199E0
9.165972300E0,-1.190190029E1,3.919742584E0,-2.962015390E0
9.185315633E0,-1.113619614E1,2.328515530E0,1.641775489E0
9.204658915E0,-1.028674412E1,7.420741320E-1,2.201695919E0
9.224002248E0,-8.271987915E0,-2.093719784E-3,2.144268274E0
9.243345581E0,-5.852844238E0,-3.753740489E-1,2.996113062E0
9.262688915E0,-3.704089403E0,-2.222333997E-1,3.000898600E0
9.282032196E0,-3.385843992E0,7.396813035E-1,2.070090771E0
9.301375529E0,-5.575276852E0,2.383550406E0,-1.911267042E-1
9.320718863E0,-7.472784996E0,4.529912472E0,-3.098406315E0
9.340062144E0,-7.135396957E0,5.350650311E0,-1.449751377E0
9.359405477E0,-6.515655994E0,5.309972763E0,6.870391965E-1
9.378748811E0,-3.780659676E0,7.398906708E0,6.296114326E-1
9.398092144E0,-1.746760458E-1,1.083500004E1,-1.049850956E-1
9.417435425E0,9.786644578E-1,1.389781284E1,-1.892423630E0
9.436778758E0,-1.007378340E0,1.416102314E1,-3.311367512E0
9.456122092E0,-2.538784742E0,1.248365498E1,-3.962215185E0
9.475465425E0,-1.990828395E0,1.081585789E1,-3.447758436E0
9.494808706E0,-1.476371527E0,1.044736290E1,-2.093420744E0
9.514152040E0,-6.053841114E-1,1.065793133E1,-2.038385868E0
9.533495373E0,1.624726534E0,1.051675415E1,-1.803889155E0
9.552838654E0,2.718246460E0,8.791529655E0,-1.990529299E0
9.572181988E0,2.136790514E0,8.138288498E0,-2.351845503E0
9.591525321E0,4.402793646E-1,8.557032585E0,-1.571785331E0
9.610868602E0,-9.451649189E-1,1.025354385E1,-2.794517756E0
9.630211936E0,2.567498684E0,2.174627113E1,-5.237589836E0
9.649555269E0,1.103809071E1,2.253111649E1,1.742004776E1
9.668898550E0,2.591426849E0,5.345864773E0,1.876272082E0
9.688241883E0,-5.326423168E0,3.879363835E-1,-6.118148327E0
9.707585217E0,-6.553941250E0,2.933899641E0,-8.575576782E0
9.726928550E0,-1.263171101E1,9.566803932E0,-1.265294743E1
9.746271831E0,-1.635255051E1,1.227308655E1,-1.458156204E1
9.765615165E0,-7.252645493E0,7.573582649E0,-4.486243248E0
9.784958498E0,-1.203589797E0,7.284051418E0,1.364207983E0
9.804301779E0,3.302095175E0,1.020329475E1,1.529312730E0
9.823645113E0,7.499105930E0,1.198834038E1,-2.928515911E0
9.842988446E0,6.431907177E0,1.038514900E1,-4.077070713E0
9.862331727E0,2.991028428E-1,8.513961792E0,-3.529114246E0
9.881675061E0,-3.888336897E0,8.312965393E0,-2.813660383E0
9.901018394E0,-4.620540619E0,8.492426872E0,-2.062314034E0
9.920361675E0,-3.804588079E0,8.848957062E0,-3.378366470E0
9.939705008E0,-8.733802438E-1,9.588339806E0,-3.667897940E0
9.959048342E0,1.995614052E0,9.731908798E0,-2.753839731E0
9.978391623E0,2.823530674E0,9.578767776E0,-1.684248090E0
9.997734956E0,1.708475351E0,9.193523407E0,-1.610070586E0
1.001707829E1,-9.834501147E-1,9.174381256E0,-1.968993902E0
1.003642157E1,-3.943371773E0,9.432806015E0,-2.658126831E0
1.005576490E1,-4.345366001E0,9.459127426E0,-3.112763166E0
1.007510824E1,-2.471785784E0,9.296415329E0,-3.040978432E0
1.009445152E1,-3.421736360E-1,9.672088623E0,-2.976372242E0
1.011379485E1,3.421736360E-1,1.058375359E1,-3.201297522E0
1.013313819E1,-3.182454109E-1,1.075364399E1,-3.486043453E0
1.015248147E1,-9.714859724E-1,1.074646568E1,-3.421437263E0
1.017182480E1,-7.585247755E-1,1.101446152E1,-2.088634968E0
1.019116813E1,-1.627119333E-1,1.122263718E1,-1.236790180E0
1.021051142E1,1.962114573E-1,1.127049351E1,-1.710569143E0
1.022985475E1,1.220339537E-1,1.186152077E1,-2.378166676E0
1.024919803E1,-2.584248483E-1,1.364417362E1,-3.629612923E0
1.026854136E1,-8.614161611E-1,1.452951813E1,-3.186940670E0
1.028788470E1,-1.746760458E-1,1.352453232E1,-5.601298809E0
1.030722798E1,1.732403636E0,1.251715469E1,-2.823231697E0
1.032657131E1,-5.264210105E-1,1.040189934E1,-2.370988131E0
1.034591464E1,-4.302295208E0,1.030857944E1,-5.531907082E0
1.036525792E1,-6.580262184E0,1.000947666E1,-4.948058128E0
1.038460126E1,-6.812366009E0,7.296015263E0,-3.275175989E-1
1.040394459E1,-7.613961697E0,4.175774574E0,-9.927222729E-1
1.042328787E1,-8.214560509E0,2.831008196E0,-1.899602056E0
1.044263121E1,-8.573483467E0,2.335694075E0,2.108674943E-1
1.046197454E1,-8.970691681E0,1.390529037E0,1.223031521E0
1.048131782E1,-7.843672752E0,5.650052428E-1,1.680060625E0
1.050066115E1,-6.635297298E0,5.315057039E-1,1.589133382E0
1.052000444E1,-5.481956482E0,1.464706540E0,7.348956466E-1
1.053934777E1,-5.513063431E0,2.589333296E0,-7.387840003E-2
1.055869110E1,-6.250052929E0,3.783351660E0,-8.587242365E-1
1.057803438E1,-6.448657036E0,4.436592102E0,-1.442572951E0
1.059737772E1,-6.403193474E0,4.599304199E0,-5.667998791E-1
1.061672105E1,-6.041877270E0,5.802894115E0,1.226321608E-2
1.063606433E1,-4.271188259E0,8.880064011E0,-4.256233275E-1
1.065540766E1,-2.940778971E0,1.125613689E1,-1.490429401E0
1.067475095E1,-3.177668571E0,1.147866917E1,-3.900001764E0
1.069409428E1,-2.596212626E0,1.111974621E1,-4.067499161E0
1.071343761E1,-8.973084688E-1,1.255783272E1,-1.401894927E0
1.073278089E1,-9.571290761E-2,1.238315582E1,-2.722733021E0
1.075212423E1,1.019342422E0,1.098335457E1,-9.137591720E-1
1.077146751E1,2.859423161E0,9.825228691E0,1.271187067E-1
1.079081084E1,4.122833252E0,9.085846901E0,-1.160219908E0
1.081015418E1,2.840280533E0,9.088239670E0,-2.914158821E0
1.082949746E1,2.943171859E-1,9.205488205E0,-2.543271303E0
1.084884079E1,-8.159525394E-1,8.997312546E0,-6.026921868E-1
1.086818407E1,-7.369893789E-1,1.229701424E1,-7.790731430E0
1.088752740E1,1.339023590E1,2.374667168E1,9.270093918E0
1.090687074E1,1.033220863E1,1.498176193E1,9.736694336E0
1.092621402E1,-5.716453075E0,2.534298182E0,-6.410072803E0
1.094555735E1,-1.008335495E1,1.826022744E0,-1.058315563E1
1.096490063E1,-1.133240795E1,6.391528606E0,-9.078069687E0
1.098424397E1,-1.550309753E1,1.095703411E1,-8.836395264E0
1.100358730E1,-8.872586250E0,9.061918259E0,-7.907979965E0
1.102293058E1,-2.770888567E0,7.800900936E0,-4.615455627E0
1.104227392E1,7.704889178E-1,9.662516594E0,1.536491275E0
1.106161720E1,4.606183529E0,1.100728321E1,9.361918271E-2
1.108096053E1,6.209374905E0,1.119153023E1,-3.514757395E0
1.110030381E1,1.332802176E0,9.389735222E0,-4.826024055E0
1.111964714E1,-3.751945972E0,8.315358162E0,-2.801696301E0
1.113899048E1,-5.144568920E0,8.353643417E0,-2.593520641E0
1.115833376E1,-4.493721008E0,8.822636604E0,-2.911766052E0
1.117767709E1,-2.246860504E0,8.966205597E0,-3.495614767E0
1.119702037E1,7.704889178E-1,9.444769859E0,-2.985943556E0
1.121636371E1,2.854637384E0,9.624231339E0,-2.112563372E0
1.123570699E1,2.988635540E0,9.389735222E0,-2.033600092E0
1.125505032E1,9.308080077E-1,9.358628273E0,-1.636391640E0
1.127439360E1,-1.806581140E0,9.303593636E0,-2.095813513E0
1.129373694E1,-3.263810158E0,9.277272224E0,-2.375773668E0
1.131308027E1,-2.400001049E0,9.480662346E0,-2.705983400E0
1.133242355E1,-9.834501147E-1,9.925727844E0,-2.705983400E0
1.135176688E1,-6.675975323E-1,1.039711380E1,-3.139084101E0
1.137111017E1,-1.189232826E0,1.078235817E1,-3.617648840E0
1.139045350E1,-6.221339107E-1,1.080150032E1,-2.957229614E0
1.140979678E1,1.196411345E-2,1.077757263E1,-2.124527454E0
1.142914011E1,2.321037948E-1,1.077039337E1,-1.878066659E0
1.144848345E1,8.949156404E-1,1.076321507E1,-1.976172447E0
1.146782673E1,1.112662554E0,1.096660519E1,-1.789532185E0
1.148717006E1,8.614161611E-2,1.174905872E1,-2.380559444E0
1.150651334E1,-7.992027402E-1,1.434048557E1,-4.280460835E0
1.152585668E1,-2.194218397E0,1.624995804E1,-5.086842060E0
1.154519996E1,8.327022791E-1,1.493869114E1,-4.668097973E0
1.156454329E1,7.465606928E-1,1.150499058E1,-2.000100613E0
1.158388657E1,-2.636890650E0,1.008843899E1,-5.541478157E0
1.160322990E1,-4.070191383E0,9.863513947E0,-3.093620539E0
1.162257319E1,-5.436492920E0,7.226623535E0,-2.093719784E-3
1.164191652E1,-8.894122124E0,4.039383888E0,-1.693819284E0
1.166125985E1,-1.269392395E1,2.838186741E0,-4.227818489E0
1.168060313E1,-1.363191032E1,2.811865807E0,-3.538685560E0
1.169994647E1,-1.193300629E1,2.117947102E0,1.045962572E0
1.171928975E1,-8.559126854E0,6.583253145E-1,2.768795013E0
1.173863308E1,-5.297709465E0,-1.090828061E0,3.613461256E0
1.175797636E1,-2.586641312E0,-1.839781523E0,4.321736813E0
1.177731970E1,-1.658226132E0,-3.681955934E-1,3.477070332E0
1.179666298E1,-3.247060299E0,2.988934517E0,-4.902295470E-1
1.181600631E1,-6.305087566E0,6.011069775E0,-3.935894251E0
1.183534959E1,-6.711867332E0,6.176174164E0,-1.722533226E0
1.185469292E1,-5.541777134E0,6.434599400E0,-1.645065658E-2
1.187403621E1,-3.907479286E0,8.710173607E0,-2.024028778E0
1.189337954E1,-2.397608280E0,1.184237862E1,-2.725125790E0
1.191272282E1,-2.490928411E0,1.366331673E1,-3.402294636E0
1.193206615E1,-1.782652855E0,1.275404358E1,-3.072085142E0
1.195140944E1,-7.082754970E-1,1.192134190E1,-2.318346024E0
1.197075277E1,-8.566305041E-1,1.164855957E1,-3.462115288E0
1.199009610E1,-7.872386575E-1,1.115803146E1,-3.538685560E0
1.200943938E1,9.762716293E-1,1.072253704E1,-1.165005565E0
1.202878272E1,2.091326952E0,9.150452614E0,8.066803217E-1
1.204812600E1,1.619940877E0,8.468498230E0,-1.421037555E0
1.206746933E1,8.973084688E-1,9.511769295E0,-1.727318883E0
1.208681261E1,-5.335994363E-1,9.250951767E0,-1.327717423E0
1.210615595E1,-2.021935225E0,8.573782921E0,-9.879366755E-1
1.212549923E1,-1.600798368E0,1.405813217E1,-8.187939644E0
1.214484256E1,1.504128361E1,2.481865501E1,1.719990921E1
1.216418584E1,7.867600918E0,1.168923759E1,2.527119875E0
1.218352918E1,-5.388636589E0,3.362214804E0,-1.000409222E1
1.220287246E1,-7.776673794E0,3.670889139E0,-9.623633385E0
1.222221579E1,-9.549755096E0,6.860521793E0,-7.898408413E0
1.224155907E1,-1.226800156E1,1.131595707E1,-7.879265785E0
1.226090240E1,-8.133204460E0,9.674481392E0,-4.725525856E0
1.228024569E1,-3.445664644E0,8.250751495E0,-1.961815476E0
1.229958902E1,2.311466694E0,9.746265411E0,1.134497046E0
1.231893230E1,5.793023586E0,1.042582703E1,-2.402094841E0
1.233827563E1,4.436293125E0,9.844371796E0,-4.230211258E0
1.235761892E1,8.063812256E-1,9.104989052E0,-3.766003847E0
1.237696225E1,-1.658226132E0,8.839385986E0,-2.569592476E0
1.239630553E1,-2.586641312E0,8.760422707E0,-2.784946442E0
1.241564886E1,-2.478964329E0,8.612068176E0,-3.316153049E0
1.243499214E1,-9.523434043E-1,9.090632439E0,-3.122334480E0
1.245433542E1,1.818545163E-1,9.449555397E0,-2.650948286E0
1.247367876E1,2.273181528E-1,9.578767776E0,-2.246561289E0
1.249302204E1,-1.083948612E0,9.573982239E0,-1.894816399E0
1.251236537E1,-2.658426046E0,9.250951767E0,-1.827817440E0
1.253170865E1,-2.565105915E0,9.090632439E0,-2.165205479E0
1.255105199E1,-1.339980721E0,9.279664993E0,-2.181955099E0
1.257039527E1,-2.321037948E-1,9.456734657E0,-2.418844700E0
1.258973860E1,2.871387079E-2,9.904191971E0,-2.476272345E0
1.260908188E1,-6.867401004E-1,9.997511864E0,-3.184547901E0
1.262842522E1,-8.279166222E-1,1.032532883E1,-3.476472139E0
1.264776850E1,-1.160519004E0,1.069143105E1,-3.093620539E0
1.266711183E1,-9.499505758E-1,1.044497013E1,-2.373380899E0
1.268645511E1,3.206382394E-1,1.056939697E1,-2.012064695E0
1.270579845E1,3.086741269E-1,1.108146095E1,-1.942672849E0
1.272514173E1,-9.308080077E-1,1.130877876E1,-1.992922187E0
1.274448506E1,-1.174875975E0,1.210558891E1,-2.134098768E0
1.276382834E1,-6.628118753E-1,1.476162243E1,-2.622234583E0
1.278317162E1,-3.876372576E-1,1.626910019E1,-3.754039526E0
1.280251496E1,4.218546391E0,1.545793343E1,-3.548256874E0
1.282185824E1,5.733202934E0,1.171795177E1,-9.592227936E-1
1.284120157E1,1.993221283E0,9.954441071E0,-2.581556559E0
1.286054485E1,-4.572684288E0,8.490034103E0,-4.435994148E0
1.287988819E1,-7.463213921E0,6.927520752E0,-3.746861219E0
1.289923147E1,-9.320044518E0,4.974977493E0,-3.368795156E0
1.291857480E1,-1.276570892E1,3.797708750E0,-6.902994156E0
1.293791808E1,-1.443111324E1,3.185146093E0,-6.613462448E0
1.295726142E1,-1.272024536E1,1.885843396E0,-2.921337366E0
1.297660470E1,-1.034177971E1,7.348956466E-1,-1.856531262E0
1.299594798E1,-7.700103283E0,-1.241276711E-1,-1.531107426E0
1.301529131E1,-5.230710506E0,-4.088735580E-1,-2.724826932E-1
1.303463459E1,-2.991028309E0,6.343970895E-1,1.775773525E0
1.305397793E1,-2.294716835E0,2.129911184E0,2.883650303E0
1.307332121E1,-3.000599623E0,4.046562195E0,1.266102314E0
1.309266454E1,-4.036691666E0,6.063711643E0,-2.033600092E0
1.311200782E1,-5.594419479E0,7.121339321E0,-3.885644913E0
1.313135115E1,-8.707481384E0,8.470890999E0,-6.060720444E0
1.315069444E1,-9.190832138E0,9.250951767E0,-6.721139908E0
1.317003772E1,-7.001399040E0,8.669495583E0,-3.244368315E0
1.318938105E1,-3.768695593E0,7.946863174E0,-1.633998752E0
1.320872433E1,-5.383850932E-1,7.944470406E0,-8.994022012E-1
1.322806767E1,4.426721931E-1,1.098096180E1,-1.406680584E0
1.324741095E1,1.674975827E-2,1.343121243E1,-5.675476074E0
1.326675428E1,9.379864931E-1,1.241187000E1,-4.629812717E0
1.328609756E1,3.359523058E0,1.038514900E1,3.352942765E-1
1.330544089E1,4.941178799E0,8.281858444E0,3.000898600E0
1.332478418E1,3.835694790E0,7.666903019E0,-4.256233275E-1
1.334412746E1,4.929214716E-1,8.274680138E0,-3.766003847E0
1.336347079E1,-2.732603550E0,8.418249130E0,-3.012264490E0
1.338281407E1,-4.809573650E0,1.094746304E1,-4.833202839E0
1.340215740E1,9.604789734E0,2.615385056E1,8.738887787E0
1.342150069E1,1.370608807E1,2.008804512E1,1.159352493E1
1.344084397E1,-3.682554007E0,2.653939486E0,-1.077458096E1
1.346018730E1,-7.546962738E0,4.142574072E-1,-8.640183449E0
1.347953058E1,-6.625725746E0,3.414856911E0,-8.637790680E0
1.349887392E1,-1.435693550E1,1.220847988E1,-1.117896843E1
1.351821720E1,-1.311745358E1,1.145713425E1,-6.625426769E0
1.353756053E1,-5.812166214E0,7.683652401E0,-1.320538998E0
1.355690381E1,5.527420044E-1,8.336893082E0,1.656132340E0
1.357624709E1,5.745167255E0,1.098814106E1,-2.878266573E0
1.359559043E1,5.936593056E0,1.105753231E1,-5.673083305E0
1.361493371E1,1.517049551E0,9.085846901E0,-1.751247048E0
1.363427704E1,-4.498506486E-1,8.322536469E0,-1.421037555E0
1.365362032E1,-2.478964329E0,8.645566940E0,-3.636791229E0
1.367296360E1,-3.661018610E0,8.839385986E0,-2.562413931E0
1.369230694E1,-2.024327993E0,8.877671242E0,-3.182155132E0
1.371165022E1,6.269195080E-1,9.401699066E0,-3.009871721E0
1.373099355E1,2.220539331E0,9.684052467E0,-2.236989975E0
1.375033683E1,1.976471543E0,9.609874725E0,-1.648355722E0
1.376968011E1,8.614161611E-2,9.358628273E0,-1.574178219E0
1.378902345E1,-2.605783939E0,9.258130074E0,-1.861316919E0
1.380836673E1,-4.457828522E0,9.085846901E0,-2.552842617E0
1.382771001E1,-4.261617184E0,9.088239670E0,-2.612663269E0
1.384705334E1,-2.414358139E0,9.428020477E0,-2.739482880E0
1.386639662E1,-3.852444589E-1,1.013150978E1,-2.751446962E0
1.388573996E1,1.938186288E-1,1.054546833E1,-2.816053152E0
1.390508324E1,-3.780659735E-1,1.022243786E1,-3.088835001E0
1.392442657E1,-9.116654396E-1,9.779765129E0,-2.638984203E0
1.394376985E1,-1.641476393E0,9.727123260E0,-3.888037682E0
1.396311313E1,-1.792224169E0,1.037557793E1,-2.495414972E0
1.398245647E1,-1.847259045E0,1.041386318E1,-2.519343138E0
1.400179975E1,-1.957328916E0,1.043779182E1,-2.067099571E0
1.402114303E1,-1.316052437E0,1.148824024E1,-2.543271303E0
1.404048636E1,-7.800601721E-1,1.427827168E1,-2.607877493E0
1.405982964E1,-1.064806104E0,1.542921925E1,-3.139084101E0
1.407917298E1,2.057827473E0,1.543879128E1,-5.436193943E0
1.409851626E1,4.520041943E0,1.319910908E1,-1.624427438E0
1.411785954E1,1.397408366E0,1.066271687E1,-2.251347065E0
1.413720287E1,-4.364508629E0,9.746265411E0,-1.397109270E0
1.415654615E1,-6.381658077E0,8.140681267E0,-1.964208245E0
1.417588944E1,-7.994420528E0,5.434399128E0,-8.994022012E-1
1.419523277E1,-1.228953743E1,2.957827806E0,-4.665705204E0
1.421457605E1,-1.482592869E1,2.541476727E0,-5.079663277E0
1.423391933E1,-1.244267750E1,1.615454435E0,-7.175477147E-1
1.425326267E1,-9.870393753E0,1.024427176E0,1.151545867E-1
1.427260595E1,-6.798008919E0,8.114659786E-1,6.008976102E-1
1.429194928E1,-4.606183529E0,-4.755735025E-2,1.610668778E0
1.431129256E1,-2.895315409E0,-5.234299600E-2,3.278466225E0
1.433063584E1,-1.519442320E0,1.191924810E0,3.280858994E0
1.434997918E1,-1.753939033E0,3.539283752E0,1.749452472E0
1.436932246E1,-3.237488985E0,6.166603088E0,-1.633998752E0
1.438866574E1,-4.960321426E0,7.188338280E0,-1.641177177E0
1.440800907E1,-7.771887779E0,7.695616722E0,-2.359024048E0
1.442735235E1,-8.240880966E0,9.707980156E0,-2.988336325E0
1.444669569E1,-5.723631859E0,1.014586735E1,-2.014457464E0
1.446603897E1,-3.493520975E0,9.361021042E0,-1.887637973E0
1.448538225E1,-1.146162033E0,9.097810745E0,-1.636391640E0
1.450472558E1,1.435693540E-2,1.104078293E1,-2.509771824E0
1.452406886E1,-3.684946895E-1,1.353410435E1,-3.488436222E0
1.454341214E1,-5.264209956E-2,1.297179031E1,-2.686840773E0
1.456275548E1,1.708475351E0,1.051436138E1,5.772684515E-2
1.458209876E1,3.816552162E0,8.762815475E0,-5.021936297E-1
1.460144204E1,4.697110653E0,8.877671242E0,-7.725825906E-1
1.462078537E1,2.218146563E0,9.191130638E0,-2.734697104E0
1.464012865E1,1.818545163E-1,9.112167358E0,-2.440380096E0
1.465947194E1,-3.541377485E-1,1.018654537E1,-1.179362416E0
1.467881527E1,1.031306505E0,1.691276932E1,-3.859323740E0
1.469815855E1,1.296431351E1,2.175345039E1,1.473769379E1
1.471750183E1,6.704689026E0,9.973584175E0,8.234301209E-1
1.473684516E1,-2.952743053E0,3.924528122E0,-9.508777618E0
1.475618845E1,-6.417550564E0,3.824029684E0,-9.989735603E0
1.477553173E1,-1.075334454E1,7.664510250E0,-8.204689980E0
1.479487506E1,-1.549591923E1,1.068425179E1,-6.300003052E0
1.481421834E1,-7.147361279E0,8.686244965E0,-2.100599289E0
1.483356162E1,-1.316052526E-1,8.114360809E0,-1.523928881E0
1.485290496E1,4.589433670E0,9.964012146E0,-7.845467329E-1
1.487224824E1,6.996613503E0,1.071775150E1,-3.533900023E0
1.489159152E1,5.240281582E0,9.954441071E0,-2.426023006E0
1.491093485E1,7.920243144E-1,8.997312546E0,-2.402094841E0
1.493027813E1,-2.306680918E0,8.906385422E0,-3.103191853E0
1.494962142E1,-3.826123476E0,9.112167358E0,-3.277868032E0
1.496896475E1,-3.493520975E0,8.691030502E0,-3.337688446E0
1.498830803E1,-1.184447169E0,8.887242317E0,-3.052942514E0
1.500765131E1,3.924229145E-1,9.310771942E0,-2.292025089E0
1.502699464E1,5.503492355E-1,9.361021042E0,-2.244168520E0
1.504633793E1,-2.368894368E-1,9.428020477E0,-2.117348909E0
1.506568121E1,-1.387837172E0,9.128917694E0,-2.330310106E0
1.508502454E1,-2.053041935E0,9.183952332E0,-2.823231697E0
1.510436782E1,-2.416750908E0,9.406484604E0,-2.598306179E0
1.512371110E1,-1.753939033E0,9.157630920E0,-2.045564175E0
1.514305438E1,-4.211367965E-1,8.851349831E0,-2.263311148E0
1.516239772E1,6.269195080E-1,8.978169441E0,-2.641377211E0
1.518174100E1,4.283152521E-1,9.260522842E0,-3.093620539E0
1.520108428E1,-8.063812256E-1,9.648159981E0,-2.373380899E0
1.522042761E1,-2.239681959E0,9.681659698E0,-2.485843658E0
1.523977089E1,-2.909672260E0,9.487840652E0,-2.571985245E0
1.525911418E1,-2.775674343E0,9.253344536E0,-2.421237469E0
1.527845751E1,-2.124826431E0,9.253344536E0,-2.564806700E0
1.529780079E1,-1.947757602E0,9.535696983E0,-2.744268417E0
1.531714407E1,-2.474178553E0,9.664909363E0,-2.808874607E0
1.533648735E1,-2.880958557E0,9.640981674E0,-2.782553673E0
1.535583069E1,-1.959721804E0,1.016500950E1,-2.985943556E0
1.537517397E1,-2.991028428E-1,1.222044468E1,-3.148655415E0
1.539451725E1,-2.153540403E-2,1.282104301E1,-2.076670885E0
1.541386058E1,-9.643075466E-1,1.225872993E1,-2.653042078E-1
1.543320386E1,-3.290131092E0,1.253151131E1,1.593919039E0
1.545254714E1,-3.802195072E0,1.345514107E1,-2.854338408E0
1.547189043E1,-4.522434771E-1,1.239272785E1,-3.974179268E0
1.549123376E1,-6.747759581E-1,9.095417976E0,-2.801696301E0
1.551057704E1,-3.857230186E0,7.217051983E0,-2.246561289E0
1.552992032E1,-5.754738331E0,5.484648705E0,-1.310967684E0
1.554926365E1,-6.908079147E0,3.407678604E0,-6.002993584E-1
1.556860694E1,-9.090332985E0,2.340479612E0,-2.179562330E0
1.558795022E1,-1.200000572E1,2.773580551E0,-3.483650684E0
1.560729350E1,-1.227278709E1,3.869493246E0,-4.022035599E0
1.562663683E1,-9.099904060E0,3.278466225E0,-2.694019079E0
1.564598011E1,-6.853044033E0,2.208874464E0,-2.413759828E-1
1.566532339E1,-5.864808083E0,1.033998489E0,1.134497046E0
1.568466673E1,-5.134997368E0,1.397707582E0,1.577169180E0
1.570401001E1,-5.084748268E0,2.917150021E0,1.636989832E0
1.572335329E1,-5.647061348E0,4.494019985E0,2.199303150E0
1.574269657E1,-6.345765591E0,4.867300510E0,7.803592682E-1
1.576203990E1,-6.941578388E0,5.470291615E0,-2.019243240E0
1.578138319E1,-6.623332977E0,7.138089180E0,-1.700997829E0
1.580072647E1,-6.199803352E0,8.674281120E0,-4.758726060E-1
1.582006975E1,-4.567898273E0,9.849157333E0,-9.664012194E-1
1.583941308E1,-4.532006264E0,1.078953648E1,-3.478864908E0
1.585875636E1,-5.917450428E0,1.164855957E1,-5.340480804E0
1.587809964E1,-6.881757736E0,1.046411228E1,-3.608077526E0
1.589744293E1,-6.386443615E0,8.202895164E0,-8.778668046E-1
1.591678626E1,-4.603790760E0,7.934898853E0,-1.021436214E0
1.593612954E1,-4.479363918E0,9.779765129E0,-1.906780601E0
1.595547282E1,-5.907878876E0,1.212233829E1,-8.898309469E-1
1.597481615E1,-2.297109663E-1,1.161505985E1,-1.265204996E-1
1.599415944E1,-1.698904037E-1,1.112931728E1,-1.102792144E0
1.601350272E1,-3.543770313E0,9.736694336E0,-1.421037555E0
1.603284600E1,-3.067598581E0,8.590532303E0,-1.916351795E0
1.605218933E1,-2.455035925E0,8.652746201E0,-2.895016193E0
1.607153261E1,-2.713460922E0,8.497212410E0,-3.706183195E0
1.609087589E1,-1.320838094E0,8.432605743E0,-1.756032705E0
1.611021918E1,4.211367965E-1,9.126524925E0,-8.324031830E-1
1.612956251E1,1.301695466E0,9.834799767E0,-1.198505044E0
1.614890579E1,1.215553880E0,1.022961617E1,-9.544371367E-1
1.616824907E1,5.407779217E-1,1.005972576E1,-1.476072431E0
1.618759235E1,1.435693540E-2,9.538089752E0,-1.990529299E0
1.620693563E1,1.866401732E-1,9.368199348E0,-2.062314034E0
1.622627897E1,-9.332008660E-2,9.483055115E0,-1.904387712E0
1.624562225E1,-4.019941986E-1,9.466305733E0,-1.880459547E0
1.626496553E1,-2.536391914E-1,9.509376526E0,-1.770389676E0
1.628430881E1,-1.148554832E-1,9.305986404E0,-1.832603097E0
1.630365214E1,1.914258115E-2,9.310771942E0,-1.681855202E0
1.632299543E1,-2.344966233E-1,9.681659698E0,-2.019243240E0
1.634233871E1,-5.503492057E-2,9.547661781E0,-2.421237469E0
1.636168199E1,8.111668825E-1,9.274879456E0,-1.789532185E0
1.638102532E1,9.499505758E-1,9.681659698E0,-1.521536112E0
1.640036860E1,1.962114573E-1,9.655338287E0,-2.414058924E0
1.641971188E1,-9.810572863E-2,9.432806015E0,-2.059921265E0
1.643905517E1,-3.349951804E-1,9.217452049E0,-1.789532185E0
1.645839845E1,-1.938186288E-1,9.289237022E0,-2.119741678E0
1.647774178E1,2.632105052E-1,9.528518677E0,-1.909173369E0
1.649708506E1,3.493520916E-1,9.638588905E0,-1.784746647E0
1.651642834E1,2.297109663E-1,9.368199348E0,-2.026421785E0
1.653577162E1,2.823530734E-1,9.248558998E0,-2.179562330E0
1.655511496E1,3.493520916E-1,9.554840088E0,-1.971386790E0
1.657445824E1,1.411765367E-1,9.614660263E0,-2.337488651E0
1.659380152E1,1.914258152E-1,9.382556915E0,-2.186740875E0
1.661314480E1,1.579262912E-1,8.966205597E0,-2.038385868E0
1.663248813E1,9.044869542E-1,9.456734657E0,-1.925923109E0
1.665183142E1,8.063812256E-1,9.760622978E0,-1.528714538E0
1.667117470E1,9.643075466E-1,9.432806015E0,-1.789532185E0
1.669051798E1,1.940579176E0,9.219844818E0,-1.083649516E0
1.670986126E1,2.464607239E0,9.497411728E0,-1.167398334E0
1.672920459E1,2.151147604E0,9.897013664E0,-1.801496387E0
1.674854787E1,1.122233868E0,9.942477226E0,-1.832603097E0
1.676789115E1,1.651047617E-1,9.392127991E0,-1.626820326E0
1.678723444E1,5.862415433E-1,9.186345100E0,-9.927222729E-1
1.680657772E1,1.129412293E0,9.406484604E0,-1.081256747E0
1.682592105E1,1.442872047E0,9.700801849E0,-1.720140338E0
1.684526433E1,1.598405480E0,9.736694336E0,-1.468894005E0
1.686460761E1,1.253839016E0,9.497411728E0,-1.724925995E0
1.688395089E1,9.020941257E-1,9.253344536E0,-1.377966762E0
1.690329423E1,1.086341500E0,9.495018959E0,-1.066899776E0
1.692263751E1,1.088734269E0,9.925727844E0,-1.339681625E0
1.694198079E1,7.992027402E-1,9.562018394E0,-1.964208245E0
1.696132407E1,1.481157184E0,9.217452049E0,-1.138684511E0
1.698066735E1,1.840080619E0,9.772586823E0,-6.529414654E-1
1.700001069E1,8.374879360E-1,9.691230774E0,-1.756032705E0
1.701935397E1,6.963114142E-1,9.521340370E0,-1.468894005E0
1.703869725E1,7.537391186E-1,9.418449402E0,-7.319046259E-1
1.705804053E1,7.465606928E-1,9.521340370E0,-1.241575837E0
1.707738381E1,1.093519926E0,9.916155815E0,-1.299003601E0
1.709672709E1,1.201196909E0,9.588339806E0,-8.395816684E-1
1.711607042E1,1.150947690E0,9.344271660E0,-7.390831113E-1
1.713541371E1,6.125625968E-1,9.801301003E0,-1.384846121E-1
1.715475699E1,-4.905286431E-1,9.731908798E0,-9.903294444E-1
1.717410027E1,-3.589234054E-1,9.552447319E0,-5.333003402E-1
1.719344360E1,-2.153540403E-2,9.052347183E0,-1.405783277E-2
1.721278688E1,-3.924229145E-1,9.298808098E0,-2.557329237E-1
1.723213016E1,-1.095912814E0,1.002861881E1,-1.645065658E-2
1.725147345E1,-1.062413216E0,9.655338287E0,1.725823283E-1
1.727081673E1,-3.828516304E-1,9.238986969E0,4.142574072E-1
1.729016001E1,-1.435693651E-1,9.442377090E0,-5.500500798E-1
1.730950334E1,-5.503492355E-1,9.770194054E0,-6.529414654E-1
1.732884662E1,-5.359922647E-1,9.758230209E0,4.381856322E-1
1.734818990E1,-3.972085714E-1,9.258130074E0,2.682952285E-1
1.736753319E1,-9.571290575E-3,9.585947037E0,1.127617657E-1
1.738687647E1,4.881358147E-1,9.705587387E0,1.606182158E-1
1.740621975E1,1.337587833E0,9.277272224E0,2.156531364E-1
1.742556308E1,2.148754835E0,9.423234940E0,6.415755749E-1
1.744490636E1,2.120040894E0,9.937691689E0,9.837492108E-1
1.746424964E1,1.856830359E0,9.846764565E0,9.000003934E-1
1.748359292E1,2.148754835E0,9.557232857E0,9.550353289E-1
1.750293621E1,2.524427891E0,9.322735786E0,9.430712461E-1
1.752227954E1,2.754138947E0,9.679266930E0,7.779664397E-1
1.754162282E1,2.299502611E0,9.813264847E0,4.836492836E-1
1.756096610E1,1.935793519E0,9.734301567E0,3.089732230E-1
1.758030938E1,9.499505758E-1,9.638588905E0,3.975076675E-1
1.759965266E1,1.124626622E-1,9.399306297E0,7.205387354E-1
1.761899595E1,1.028913707E-1,9.428020477E0,5.171487927E-1
1.763833928E1,-4.785645381E-2,9.806086540E0,4.357928336E-1
1.765768256E1,-5.742774606E-1,9.609874725E0,1.989033818E-1
1.767702584E1,-8.327022791E-1,9.432806015E0,2.802593410E-1
1.769636912E1,-8.685946465E-1,9.518947601E0,3.041875660E-1
1.771571240E1,-9.571290575E-3,9.593125343E0,1.821536273E-1
1.773505569E1,8.494520187E-1,9.715159416E0,6.798607111E-1
1.775439902E1,1.213161111E0,9.796515465E0,7.301099896E-1
1.777374230E1,1.265803218E0,9.717552185E0,2.970091105E-1
1.779308558E1,5.910272002E-1,9.569196701E0,1.319043487E-1
1.781242886E1,-2.368894368E-1,9.631410599E0,3.017947674E-1
1.783177214E1,-3.349951804E-1,9.538089752E0,4.668995142E-1
1.785111542E1,-1.052841991E-1,9.540482521E0,8.641080856E-1
1.787045876E1,-2.608176768E-1,9.710372925E0,9.598209858E-1
1.788980204E1,-2.464607358E-1,9.679266930E0,5.362913609E-1
1.790914532E1,8.135596663E-2,9.638588905E0,4.716851711E-1
1.792848860E1,-8.135596663E-2,9.585947037E0,2.730808854E-1
1.794783188E1,-7.657032460E-2,9.581160545E0,2.850449979E-1
1.796717516E1,1.172483116E-1,9.717552185E0,5.171487927E-1
1.798651845E1,2.392822653E-1,9.638588905E0,4.022932947E-1
1.800586178E1,3.948157430E-1,9.607481956E0,5.889334679E-1
1.802520506E1,3.852444589E-1,9.578767776E0,4.262215197E-1
1.804454834E1,2.368894368E-1,9.693623543E0,4.022932947E-1
1.806389162E1,-2.488535494E-1,9.638588905E0,4.884349108E-1
1.808323490E1,-1.196411327E-1,9.516554832E0,5.386841893E-1
1.810257819E1,1.244267747E-1,9.631410599E0,7.492526174E-1
1.812192147E1,2.440679073E-1,9.722337723E0,5.961119533E-1
1.814126480E1,2.871387079E-2,9.748658180E0,5.482555032E-1
1.816060808E1,-4.307080805E-1,9.559625626E0,4.070789516E-1
1.817995136E1,-4.474578202E-1,9.557232857E0,5.195416212E-1
1.819929464E1,-2.105683982E-1,9.602696419E0,4.477569461E-1
1.821863792E1,3.110669367E-2,9.681659698E0,4.357928336E-1
1.823798121E1,5.503492057E-2,9.688838005E0,5.841478109E-1
1.825732449E1,3.589234129E-2,9.629017830E0,4.812564552E-1
1.827666782E1,-2.871387079E-2,9.581160545E0,5.362913609E-1
1.829601110E1,3.349951655E-2,9.619445801E0,5.626124144E-1
1.831535438E1,1.220339537E-1,9.707980156E0,4.310071766E-1
1.833469766E1,5.742774159E-2,9.712766647E0,6.080760360E-1
1.835404095E1,-1.028913707E-1,9.619445801E0,5.745765567E-1
1.837338423E1,-6.460621208E-2,9.638588905E0,5.243272781E-1
1.839272751E1,1.698904037E-1,9.684052467E0,5.267201066E-1
1.841207084E1,1.746760458E-1,9.650552750E0,3.352942765E-1
1.843141412E1,2.057827413E-1,9.672088623E0,5.267201066E-1
1.845075740E1,2.656033039E-1,9.626625061E0,7.540382147E-1
1.847010069E1,2.033899277E-1,9.597910881E0,7.301099896E-1
1.848944397E1,3.349951655E-2,9.691230774E0,6.176473498E-1
1.850878725E1,-1.268195957E-1,9.657731056E0,4.190430641E-1
1.852813053E1,-8.614161611E-2,9.597910881E0,4.764707983E-1
1.854747386E1,1.148554832E-1,9.569196701E0,5.673980713E-1
1.856681714E1,2.416750938E-1,9.636196136E0,6.200401783E-1
1.858616043E1,2.153540403E-2,9.751050949E0,7.492526174E-1
1.860550371E1,-3.134597540E-1,9.602696419E0,6.439684033E-1
1.862484699E1,-3.852444589E-1,9.485447884E0,7.157530785E-1
1.864419027E1,-2.703889608E-1,9.552447319E0,6.702894568E-1
1.866353355E1,-1.435693540E-2,9.684052467E0,5.315057039E-1
1.868287683E1,1.986042857E-1,9.698409081E0,4.908277392E-1
1.870222011E1,1.986042857E-1,9.638588905E0,5.961119533E-1
1.872156345E1,1.148554832E-1,9.607481956E0,7.660023570E-1
1.874090673E1,9.332008660E-2,9.691230774E0,7.731808424E-1
1.876025001E1,9.810572863E-2,9.657731056E0,5.386841893E-1
1.877959329E1,3.589234129E-2,9.617053032E0,4.645066857E-1
1.879893657E1,-5.742774159E-2,9.631410599E0,5.123631358E-1
1.881827985E1,1.100698411E-1,9.638588905E0,4.692923427E-1
1.883762313E1,1.651047617E-1,9.667302132E0,5.458626747E-1
1.885696642E1,-9.571290575E-3,9.686445236E0,5.697908998E-1
1.887630975E1,-7.657032460E-2,9.629017830E0,5.697908998E-1
1.889565303E1,-3.589234129E-2,9.595518112E0,5.745765567E-1
1.891499631E1,1.651047617E-1,9.660123825E0,7.277171612E-1
1.893433959E1,3.972085714E-1,9.722337723E0,6.846463680E-1
1.895368287E1,3.493520916E-1,9.717552185E0,4.980062246E-1
1.897302615E1,1.411765367E-1,9.652945518E0,5.195416212E-1
1.899236944E1,-1.076770201E-1,9.631410599E0,5.889334679E-1
1.901171272E1,-1.435693651E-1,9.617053032E0,5.195416212E-1
1.903105600E1,-9.571290575E-3,9.624231339E0,4.740779996E-1
1.905039928E1,4.067798331E-2,9.631410599E0,5.410770178E-1
1.906974256E1,5.264209956E-2,9.669695854E0,5.554339290E-1
1.908908589E1,4.067798331E-2,9.648159981E0,5.626124144E-1
1.910842918E1,8.853443712E-2,9.626625061E0,6.296114326E-1
1.912777246E1,1.627119333E-1,9.643374443E0,5.626124144E-1
1.914711574E1,1.531406492E-1,9.679266930E0,6.535396576E-1
1.916645902E1,7.417750359E-2,9.631410599E0,6.128616929E-1
1.918580230E1,6.460621208E-2,9.617053032E0,5.626124144E-1
1.920514558E1,6.460621208E-2,9.638588905E0,4.621138871E-1
1.922448886E1,-7.178467698E-3,9.669695854E0,5.051847100E-1
1.924383220E1,1.746760458E-1,9.966405869E0,-3.227319419E-1
1.926317548E1,1.363908947E-1,9.571589470E0,1.242174029E0
1.928251876E1,-1.674975902E-1,9.009276390E0,2.031805515E0
1.930186204E1,-2.727817893E-1,9.399306297E0,1.263709426E0
